{
  "project_info": {
    "project_number": "201764186102",
    "firebase_url": "https://markethub-298608-default-rtdb.firebaseio.com",
    "project_id": "markethub-298608",
    "storage_bucket": "markethub-298608.appspot.com"
  },
  "client": [
    {
      "client_info": {
        "mobilesdk_app_id": "1:201764186102:android:8bbadbc4de219ec35809d7",
        "android_client_info": {
          "package_name": "e.kyleg.obfuscationapp"
        }
      },
      "oauth_client": [
        {
          "client_id": "201764186102-lh9qlqji7c574rbju5me1b15b8om1t18.apps.googleusercontent.com",
          "client_type": 3
        }
      ],
      "api_key": [
        {
          "current_key": "AIzaSyCI5xRQbaTKoo2B0Pq1R1bavxmn4cH7OOo"
        }
      ],
      "services": {
        "appinvite_service": {
          "other_platform_oauth_client": [
            {
              "client_id": "201764186102-lh9qlqji7c574rbju5me1b15b8om1t18.apps.googleusercontent.com",
              "client_type": 3
            }
          ]
        }
      }
    }
  ],
  "configuration_version": "1"
}